{
    "winning_team": 200,
    "100_TOP_avg_game_time": 23.27166666666667,
    "100_TOP_positions_played": "TOP TOP TOP TOP TOP TOP TOP BOTTOM TOP TOP",
    "100_TOP_avg_kda": 2.3441017316017314,
    "100_TOP_avg_kp": 0.4214827193265268,
    "100_TOP_avg_vision": 19.9,
    "100_TOP_avg_cs": 7.399555969347562,
    "100_TOP_goldpm": 450.255675714388,
    "100_TOP_dmgpm": 660.584401632887,
    "100_TOP_dmg_to_obj_pm": 430.5063381794743,
    "100_TOP_wr": 0.5,
    "100_TOP_tier": "GRANDMASTER",
    "100_TOP_rank": "I",
    "100_TOP_lp": 765,
    "100_TOP_wins": 98,
    "100_TOP_losses": 82,
    "100_TOP_veteran": false,
    "100_TOP_inactive": false,
    "100_TOP_freshblood": false,
    "100_TOP_hotstreak": false,
    "100_TOP_role_total_played": "168",
    "100_TOP_role_wr": "0.55357142857143",
    "100_TOP_champ_games_played": "4",
    "100_TOP_champ_winrate": "0.25",
    "100_JUNGLE_avg_game_time": 23.598333333333333,
    "100_JUNGLE_positions_played": "JUNGLE JUNGLE JUNGLE JUNGLE JUNGLE JUNGLE JUNGLE JUNGLE JUNGLE MIDDLE",
    "100_JUNGLE_avg_kda": 6.859523809523809,
    "100_JUNGLE_avg_kp": 0.531200456113896,
    "100_JUNGLE_avg_vision": 19.2,
    "100_JUNGLE_avg_cs": 5.322409774701604,
    "100_JUNGLE_goldpm": 434.6959531040328,
    "100_JUNGLE_dmgpm": 580.6893142171058,
    "100_JUNGLE_dmg_to_obj_pm": 773.6563316618406,
    "100_JUNGLE_wr": 0.5,
    "100_JUNGLE_tier": "CHALLENGER",
    "100_JUNGLE_rank": "I",
    "100_JUNGLE_lp": 1223,
    "100_JUNGLE_wins": 151,
    "100_JUNGLE_losses": 91,
    "100_JUNGLE_veteran": false,
    "100_JUNGLE_inactive": false,
    "100_JUNGLE_freshblood": false,
    "100_JUNGLE_hotstreak": false,
    "100_JUNGLE_role_total_played": "268",
    "100_JUNGLE_role_wr": "0.64925373134328",
    "100_JUNGLE_champ_games_played": "172",
    "100_JUNGLE_champ_winrate": "0.72093023255814",
    "100_MIDDLE_avg_game_time": 25.085,
    "100_MIDDLE_positions_played": "MIDDLE BOTTOM MIDDLE MIDDLE MIDDLE MIDDLE MIDDLE BOTTOM MIDDLE TOP",
    "100_MIDDLE_avg_kda": 2.1144444444444446,
    "100_MIDDLE_avg_kp": 0.39282725659141104,
    "100_MIDDLE_avg_vision": 23.7,
    "100_MIDDLE_avg_cs": 7.103846920470401,
    "100_MIDDLE_goldpm": 413.5897946980267,
    "100_MIDDLE_dmgpm": 680.8451265696632,
    "100_MIDDLE_dmg_to_obj_pm": 270.01793900737493,
    "100_MIDDLE_wr": 0.5,
    "100_MIDDLE_tier": "CHALLENGER",
    "100_MIDDLE_rank": "I",
    "100_MIDDLE_lp": 896,
    "100_MIDDLE_wins": 342,
    "100_MIDDLE_losses": 297,
    "100_MIDDLE_veteran": true,
    "100_MIDDLE_inactive": false,
    "100_MIDDLE_freshblood": false,
    "100_MIDDLE_hotstreak": false,
    "100_MIDDLE_role_total_played": "491",
    "100_MIDDLE_role_wr": "0.53767820773931",
    "100_MIDDLE_champ_games_played": "5",
    "100_MIDDLE_champ_winrate": "0.6",
    "100_BOTTOM_avg_game_time": 22.581666666666667,
    "100_BOTTOM_positions_played": "UTILITY UTILITY UTILITY UTILITY UTILITY UTILITY UTILITY UTILITY UTILITY UTILITY",
    "100_BOTTOM_avg_kda": 4.636593406593407,
    "100_BOTTOM_avg_kp": 0.5244218033005218,
    "100_BOTTOM_avg_vision": 47.1,
    "100_BOTTOM_avg_cs": 0.9520997859620637,
    "100_BOTTOM_goldpm": 285.93549339434645,
    "100_BOTTOM_dmgpm": 280.6480183039339,
    "100_BOTTOM_dmg_to_obj_pm": 67.54594435013654,
    "100_BOTTOM_wr": 0.4,
    "100_BOTTOM_tier": "CHALLENGER",
    "100_BOTTOM_rank": "I",
    "100_BOTTOM_lp": 1340,
    "100_BOTTOM_wins": 577,
    "100_BOTTOM_losses": 519,
    "100_BOTTOM_veteran": true,
    "100_BOTTOM_inactive": false,
    "100_BOTTOM_freshblood": false,
    "100_BOTTOM_hotstreak": false,
    "100_BOTTOM_role_total_played": "32",
    "100_BOTTOM_role_wr": "0.53125",
    "100_BOTTOM_champ_games_played": "14",
    "100_BOTTOM_champ_winrate": "0.64285714285714",
    "100_UTILITY_avg_game_time": 27.865,
    "100_UTILITY_positions_played": "UTILITY MIDDLE UTILITY UTILITY UTILITY UTILITY UTILITY UTILITY UTILITY UTILITY",
    "100_UTILITY_avg_kda": 2.0994949494949493,
    "100_UTILITY_avg_kp": 0.5001313110136639,
    "100_UTILITY_avg_vision": 59.2,
    "100_UTILITY_avg_cs": 1.6544051677731924,
    "100_UTILITY_goldpm": 313.63717925713263,
    "100_UTILITY_dmgpm": 592.5856809617801,
    "100_UTILITY_dmg_to_obj_pm": 105.93576170823614,
    "100_UTILITY_wr": 0.3,
    "100_UTILITY_tier": "MASTER",
    "100_UTILITY_rank": "I",
    "100_UTILITY_lp": 358,
    "100_UTILITY_wins": 1832,
    "100_UTILITY_losses": 1808,
    "100_UTILITY_veteran": false,
    "100_UTILITY_inactive": false,
    "100_UTILITY_freshblood": true,
    "100_UTILITY_hotstreak": false,
    "100_UTILITY_role_total_played": "1947",
    "100_UTILITY_role_wr": "0.5115562403698",
    "100_UTILITY_champ_games_played": "3331",
    "100_UTILITY_champ_winrate": "0.50735514860402",
    "200_TOP_avg_game_time": 24.183333333333334,
    "200_TOP_positions_played": "TOP TOP TOP TOP TOP TOP TOP TOP TOP TOP",
    "200_TOP_avg_kda": 1.9093849206349205,
    "200_TOP_avg_kp": 0.3709532297767592,
    "200_TOP_avg_vision": 16.5,
    "200_TOP_avg_cs": 6.822880771881461,
    "200_TOP_goldpm": 425.8718125430737,
    "200_TOP_dmgpm": 689.4169538249483,
    "200_TOP_dmg_to_obj_pm": 228.99241902136455,
    "200_TOP_wr": 0.4,
    "200_TOP_tier": "CHALLENGER",
    "200_TOP_rank": "I",
    "200_TOP_lp": 1048,
    "200_TOP_wins": 719,
    "200_TOP_losses": 665,
    "200_TOP_veteran": true,
    "200_TOP_inactive": false,
    "200_TOP_freshblood": false,
    "200_TOP_hotstreak": false,
    "200_TOP_role_total_played": "1130",
    "200_TOP_role_wr": "0.5353982300885",
    "200_TOP_champ_games_played": "149",
    "200_TOP_champ_winrate": "0.59060402684564",
    "200_JUNGLE_avg_game_time": 26.375,
    "200_JUNGLE_positions_played": "JUNGLE JUNGLE JUNGLE JUNGLE JUNGLE JUNGLE JUNGLE JUNGLE JUNGLE TOP",
    "200_JUNGLE_avg_kda": 6.762929292929293,
    "200_JUNGLE_avg_kp": 0.6123594642072903,
    "200_JUNGLE_avg_vision": 27.5,
    "200_JUNGLE_avg_cs": 7.237914691943128,
    "200_JUNGLE_goldpm": 483.6436018957346,
    "200_JUNGLE_dmgpm": 751.2872037914692,
    "200_JUNGLE_dmg_to_obj_pm": 883.6398104265403,
    "200_JUNGLE_wr": 0.5,
    "200_JUNGLE_tier": "GRANDMASTER",
    "200_JUNGLE_rank": "I",
    "200_JUNGLE_lp": 696,
    "200_JUNGLE_wins": 302,
    "200_JUNGLE_losses": 280,
    "200_JUNGLE_veteran": true,
    "200_JUNGLE_inactive": false,
    "200_JUNGLE_freshblood": false,
    "200_JUNGLE_hotstreak": false,
    "200_JUNGLE_role_total_played": "481",
    "200_JUNGLE_role_wr": "0.54469854469854",
    "200_JUNGLE_champ_games_played": "30",
    "200_JUNGLE_champ_winrate": "0.53333333333333",
    "200_MIDDLE_avg_game_time": 25.243333333333332,
    "200_MIDDLE_positions_played": "MIDDLE MIDDLE MIDDLE MIDDLE TOP UTILITY MIDDLE MIDDLE MIDDLE MIDDLE",
    "200_MIDDLE_avg_kda": 3.2574603174603176,
    "200_MIDDLE_avg_kp": 0.4178930803315478,
    "200_MIDDLE_avg_vision": 23.9,
    "200_MIDDLE_avg_cs": 7.023636603723755,
    "200_MIDDLE_goldpm": 428.3863726396408,
    "200_MIDDLE_dmgpm": 612.3953519080945,
    "200_MIDDLE_dmg_to_obj_pm": 248.81420837184734,
    "200_MIDDLE_wr": 0.6,
    "200_MIDDLE_tier": "CHALLENGER",
    "200_MIDDLE_rank": "I",
    "200_MIDDLE_lp": 1433,
    "200_MIDDLE_wins": 173,
    "200_MIDDLE_losses": 112,
    "200_MIDDLE_veteran": true,
    "200_MIDDLE_inactive": false,
    "200_MIDDLE_freshblood": false,
    "200_MIDDLE_hotstreak": false,
    "200_MIDDLE_role_total_played": "199",
    "200_MIDDLE_role_wr": "0.63819095477387",
    "200_MIDDLE_champ_games_played": "27",
    "200_MIDDLE_champ_winrate": "0.51851851851852",
    "200_BOTTOM_avg_game_time": 26.916666666666668,
    "200_BOTTOM_positions_played": "BOTTOM MIDDLE MIDDLE MIDDLE MIDDLE BOTTOM BOTTOM BOTTOM BOTTOM MIDDLE",
    "200_BOTTOM_avg_kda": 3.8461904761904764,
    "200_BOTTOM_avg_kp": 0.3888992248062016,
    "200_BOTTOM_avg_vision": 22.1,
    "200_BOTTOM_avg_cs": 7.173993808049535,
    "200_BOTTOM_goldpm": 444.01857585139317,
    "200_BOTTOM_dmgpm": 727.8167182662538,
    "200_BOTTOM_dmg_to_obj_pm": 317.0080495356037,