{"100_win": 0.5328, "100_TOP_avg_game_time": 157.62467104762752, "100_TOP_avg_kda": 2.9144827454471174, "100_TOP_avg_kp": 0.3969212632541238, "100_TOP_avg_vision": 19.595982857142847, "100_TOP_avg_cs": 6.277489718890809, "100_TOP_goldpm": 410.9358315130062, "100_TOP_dmgpm": 640.0393897128455, "100_TOP_dmg_to_obj_pm": 329.37964374069384, "100_TOP_wr": 0.5059657142857138, "100_TOP_lp": 184.8728, "100_TOP_wins": 413.232, "100_TOP_losses": 388.9592, "100_TOP_veteran": 0.2176, "100_TOP_inactive": 0.0, "100_TOP_freshblood": 0.2224, "100_TOP_hotstreak": 0.1312, "100_TOP_role_total_played": 573.6352, "100_TOP_role_wr": 0.5400364344022078, "100_TOP_champ_games_played": 254.3896, "100_TOP_champ_winrate": 0.5501509670595472, "100_JUNGLE_avg_game_time": 84.47865244444435, "100_JUNGLE_avg_kda": 3.9586636424781734, "100_JUNGLE_avg_kp": 0.5025104217695113, "100_JUNGLE_avg_vision": 22.96802666666667, "100_JUNGLE_avg_cs": 5.903600566057562, "100_JUNGLE_goldpm": 423.22718875724, "100_JUNGLE_dmgpm": 634.1712126837118, "100_JUNGLE_dmg_to_obj_pm": 658.3615368333169, "100_JUNGLE_wr": 0.5084533333333329, "100_JUNGLE_lp": 187.9472, "100_JUNGLE_wins": 350.6104, "100_JUNGLE_losses": 327.5616, "100_JUNGLE_veteran": 0.2016, "100_JUNGLE_inactive": 0.0, "100_JUNGLE_freshblood": 0.2856, "100_JUNGLE_hotstreak": 0.1272, "100_JUNGLE_role_total_played": 539.6664, "100_JUNGLE_role_wr": 0.5411586437679813, "100_JUNGLE_champ_games_played": 188.5408, "100_JUNGLE_champ_winrate": 0.5461427451377813, "100_MIDDLE_avg_game_time": 87.38105274074073, "100_MIDDLE_avg_kda": 3.3354191631784915, "100_MIDDLE_avg_kp": 0.44822036711525204, "100_MIDDLE_avg_vision": 21.124222222222226, "100_MIDDLE_avg_cs": 6.0987415507609555, "100_MIDDLE_goldpm": 413.75265361131255, "100_MIDDLE_dmgpm": 665.3889852652952, "100_MIDDLE_dmg_to_obj_pm": 280.0991432392088, "100_MIDDLE_wr": 0.4926400000000005, "100_MIDDLE_lp": 185.2872, "100_MIDDLE_wins": 377.8728, "100_MIDDLE_losses": 353.9576, "100_MIDDLE_veteran": 0.2176, "100_MIDDLE_inactive": 0.0, "100_MIDDLE_freshblood": 0.252, "100_MIDDLE_hotstreak": 0.1272, "100_MIDDLE_role_total_played": 431.0968, "100_MIDDLE_role_wr": 0.5311564182753616, "100_MIDDLE_champ_games_played": 186.9776, "100_MIDDLE_champ_winrate": 0.540740502800039, "100_BOTTOM_avg_game_time": 144.31715740740455, "100_BOTTOM_avg_kda": 3.4057434708473564, "100_BOTTOM_avg_kp": 0.4646315909770985, "100_BOTTOM_avg_vision": 21.887355555555523, "100_BOTTOM_avg_cs": 6.424231161305531, "100_BOTTOM_goldpm": 426.2770869433066, "100_BOTTOM_dmgpm": 674.561730220331, "100_BOTTOM_dmg_to_obj_pm": 367.2438187044632, "100_BOTTOM_wr": 0.506995555555556, "100_BOTTOM_lp": 178.6184, "100_BOTTOM_wins": 398.9256, "100_BOTTOM_losses": 376.4216, "100_BOTTOM_veteran": 0.244, "100_BOTTOM_inactive": 0.0, "100_BOTTOM_freshblood": 0.2096, "100_BOTTOM_hotstreak": 0.1192, "100_BOTTOM_role_total_played": 563.652, "100_BOTTOM_role_wr": 0.5364528819785721, "100_BOTTOM_champ_games_played": 124.3352, "100_BOTTOM_champ_winrate": 0.5439921243235898, "100_UTILITY_avg_game_time": 59.00868444444162, "100_UTILITY_avg_kda": 3.873879560388761, "100_UTILITY_avg_kp": 0.5155797756077127, "100_UTILITY_avg_vision": 46.411466666666556, "100_UTILITY_avg_cs": 2.165742003847107, "100_UTILITY_goldpm": 324.10557696451065, "100_UTILITY_dmgpm": 408.334821011433, "100_UTILITY_dmg_to_obj_pm": 153.9296849249878, "100_UTILITY_wr": 0.5044266666666667, "100_UTILITY_lp": 179.1688, "100_UTILITY_wins": 410.9656, "100_UTILITY_losses": 387.4464, "100_UTILITY_veteran": 0.224, "100_UTILITY_inactive": 0.0, "100_UTILITY_freshblood": 0.252, "100_UTILITY_hotstreak": 0.136, "100_UTILITY_role_total_played": 530.452, "100_UTILITY_role_wr": 0.5314075429103992, "100_UTILITY_champ_games_played": 191.5416, "100_UTILITY_champ_winrate": 0.5463813244654366, "200_TOP_avg_game_time": 106.08418599999996, "200_TOP_avg_kda": 2.899398203411536, "200_TOP_avg_kp": 0.3954092243581706, "200_TOP_avg_vision": 19.791880000000006, "200_TOP_avg_cs": 6.2603853217039225, "200_TOP_goldpm": 410.1655522094306, "200_TOP_dmgpm": 635.9667064410651, "200_TOP_dmg_to_obj_pm": 320.89791149975673, "200_TOP_wr": 0.49601999999999946, "200_TOP_lp": 189.7112, "200_TOP_wins": 407.9904, "200_TOP_losses": 383.416, "200_TOP_veteran": 0.2248, "200_TOP_inactive": 0.0, "200_TOP_freshblood": 0.244, "200_TOP_hotstreak": 0.1224, "200_TOP_role_total_played": 563.74, "200_TOP_role_wr": 0.5371537593774202, "200_TOP_champ_games_played": 240.6832, "200_TOP_champ_winrate": 0.5372945661942243, "200_JUNGLE_avg_game_time": 101.6187496931217, "200_JUNGLE_avg_kda": 3.8536045962618686, "200_JUNGLE_avg_kp": 0.5017344740347562, "200_JUNGLE_avg_vision": 23.112770793650856, "200_JUNGLE_avg_cs": 5.884702473463214, "200_JUNGLE_goldpm": 421.940061156125, "200_JUNGLE_dmgpm": 631.1174489337628, "200_JUNGLE_dmg_to_obj_pm": 647.6225962229138, "200_JUNGLE_wr": 0.498369523809524, "200_JUNGLE_lp": 187.996, "200_JUNGLE_wins": 329.0472, "200_JUNGLE_losses": 306.9744, "200_JUNGLE_veteran": 0.2, "200_JUNGLE_inactive": 0.0, "200_JUNGLE_freshblood": 0.3088, "200_JUNGLE_hotstreak": 0.1224, "200_JUNGLE_role_total_played": 516.3824, "200_JUNGLE_role_wr": 0.5423638527863622, "200_JUNGLE_champ_games_played": 188.4272, "200_JUNGLE_champ_winrate": 0.5391612600959196, "200_MIDDLE_avg_game_time": 94.57791906877753, "200_MIDDLE_avg_kda": 3.3424346034096453, "200_MIDDLE_avg_kp": 0.44899570718008974, "200_MIDDLE_avg_vision": 21.044596825396823, "200_MIDDLE_avg_cs": 6.18390840263749, "200_MIDDLE_goldpm": 416.82846748543835, "200_MIDDLE_dmgpm": 670.4089081355015, "200_MIDDLE_dmg_to_obj_pm": 286.0764126379353, "200_MIDDLE_wr": 0.5016152380952397, "200_MIDDLE_lp": 178.6088, "200_MIDDLE_wins": 363.6248, "200_MIDDLE_losses": 340.0272, "200_MIDDLE_veteran": 0.2008, "200_MIDDLE_inactive": 0.0, "200_MIDDLE_freshblood": 0.2728, "200_MIDDLE_hotstreak": 0.1312, "200_MIDDLE_role_total_played": 411.044835868695, "200_MIDDLE_role_wr": 0.5314726790302545, "200_MIDDLE_champ_games_played": 185.1848, "200_MIDDLE_champ_winrate": 0.5385415734936675, "200_BOTTOM_avg_game_time": 103.14424111111913, "200_BOTTOM_avg_kda": 3.4563506781064404, "200_BOTTOM_avg_kp": 0.4705615236985112, "200_BOTTOM_avg_vision": 22.477168888888922, "200_BOTTOM_avg_cs": 6.300019082979434, "200_BOTTOM_goldpm": 424.31726792131116, "200_BOTTOM_dmgpm": 670.1735953638497, "200_BOTTOM_dmg_to_obj_pm": 361.3812352882936, "200_BOTTOM_wr": 0.5036733333333333, "200_BOTTOM_lp": 187.6008, "200_BOTTOM_wins": 392.4448, "200_BOTTOM_losses": 369.7224, "200_BOTTOM_veteran": 0.2552, "200_BOTTOM_inactive": 0.0, "200_BOTTOM_freshblood": 0.2336, "200_BOTTOM_hotstreak": 0.1432, "200_BOTTOM_role_total_played": 526.5232, "200_BOTTOM_role_wr": 0.5349442088874935, "200_BOTTOM_champ_games_played": 118.8512, "200_BOTTOM_champ_winrate": 0.5353094653020212, "200_UTILITY_avg_game_time": 76.71738736507655, "200_UTILITY_avg_kda": 3.8175260399316087, "200_UTILITY_avg_kp": 0.5171092303358561, "200_UTILITY_avg_vision": 46.66779047619029, "200_UTILITY_avg_cs": 2.188468563776016, "200_UTILITY_goldpm": 324.3013521793837, "200_UTILITY_dmgpm": 416.3282449377207, "200_UTILITY_dmg_to_obj_pm": 145.95421813872645, "200_UTILITY_wr": 0.5009638095238094, "200_UTILITY_lp": 204.912, "200_UTILITY_wins": 416.1504, "200_UTILITY_losses": 391.7208, "200_UTILITY_veteran": 0.2552, "200_UTILITY_inactive": 0.0, "200_UTILITY_freshblood": 0.2432, "200_UTILITY_hotstreak": 0.136, "200_UTILITY_role_total_played": 546.9816, "200_UTILITY_role_wr": 0.5324742019106591, "200_UTILITY_champ_games_played": 195.4536, "200_UTILITY_champ_winrate": 0.5295773659590535}